﻿<?xml version="1.0" encoding="UTF-8" standalone="yes"?>
<addon id="plugin.video.premiumizer" version="2019.06.16" name="Premiumizer" provider-name="aenema">
	<requires>
		<import addon="xbmc.python" version="2.19.0" />
		<import addon="script.module.beautifulsoup4" />
		<import addon="script.module.metalibrary" />	
		<import addon="script.module.requests" />	
		<import addon="repository.aenemapy" />
		
	</requires>
	<extension point="xbmc.python.pluginsource" library="main.py">
		<provides>video</provides>
	</extension>
	<extension point="xbmc.service" library="service.py" start="startup" />
	<extension point="xbmc.addon.metadata">
        <description>Premiumize Cloud Addon with a twist!
		This addon is inteded for use with content that you currently own! The author does not host or distribute any of the content displayed by this addon. The author does not have any affiliation with the content provider.	
		</description>
	
		<summary lang="en">premiumizer Cloud Addon</summary>
		<platform>all</platform>
		<forum>-</forum>
		<website>http://premiumize.me</website>
		<source>-</source>
		<assets>
			<icon>icon.png</icon>
			<fanart>fanart.jpg</fanart>
		</assets>
		<news>-</news>
	</extension>
</addon>